{ "x": 0.70710678118, "y": 0.70710678118 }
